Other_fictional_worlds, @35017,  @Farmer_Giles_of_Ham
Other_fictional_worlds, @35027,  @Leaf_by_Niggle
Other_fictional_worlds, @35028,  @The_Legend_of_Sigurd_and_Gudrún
Other_fictional_worlds, @35029,  @Letters_from_Father_Christmas
Other_fictional_worlds, @36224,  @Roverandom
Other_fictional_worlds, @16409,  @Smith_of_Wootton_Major
Other_fictional_worlds, @36115,  @The_Lost_Road
Other_fictional_worlds, @39242,  @The_Notion_Club_Papers
Other_fictional_worlds, 44720, Bill_Stickers
The_Notion_Club_Papers, @51032,  @Images_of_The_Notion_Club_Papers
The_Notion_Club_Papers, 50899, Notion_Club
The_Notion_Club_Papers, 4143, The_Notion_Club_Papers
The_Notion_Club_Papers, 50877, Colombo_Arditi
The_Notion_Club_Papers, 14828, Atlantis
The_Notion_Club_Papers, 50885, D.N._Borrow
The_Notion_Club_Papers, 50875, Alexander_Cameron
The_Notion_Club_Papers, 50893, Rupert_Dolbear
The_Notion_Club_Papers, 50890, Philip_Frankley
The_Notion_Club_Papers, 50896, Jonathan_Gow
The_Notion_Club_Papers, 50887, Howard_Green
The_Notion_Club_Papers, 50892, Nicholas_Guildford
The_Notion_Club_Papers, 50895, Wilfrid_Trewin_Jeremy
The_Notion_Club_Papers, 50881, James_Jones
The_Notion_Club_Papers, 50872, Alwin_Arundel_Lowdham
The_Notion_Club_Papers, 50873, Edwin_Lowdham
The_Notion_Club_Papers, 50874, Oswin_Lowdham
The_Notion_Club_Papers, 50876, Gerard_Manface
The_Notion_Club_Papers, 50880, Jonathan_Markison
The_Notion_Club_Papers, 50888, Norman_Keeps
The_Notion_Club_Papers, 50879, Abel_Pitt
The_Notion_Club_Papers, 50894, Michael_George_Ramer
The_Notion_Club_Papers, 50883, John_Jethro_Rashbold
The_Notion_Club_Papers, 50889, Professor_Rashbold
The_Notion_Club_Papers, 21369, Saint_Brendan
The_Notion_Club_Papers, 50882, Ranulph_Stainer
The_Notion_Club_Papers, 50886, J.R._Titmass
The_Notion_Club_Papers, 50884, W.W._Wormald
The_Notion_Club_Papers, 49721, Éadwine
The_Notion_Club_Papers, 49722, Óswine
The_Lost_Road, 18869, Alboin
The_Lost_Road, 18872, King_Sheave
The_Lost_Road, 5285, The_Lost_Road
Smith_of_Wootton_Major, 7057, Smith_of_Wootton_Major
Smith_of_Wootton_Major, 35914, Alf
Smith_of_Wootton_Major, 35907, Faery
Smith_of_Wootton_Major, 35924, Far_Easton
Smith_of_Wootton_Major, 35913, Fay-star
Smith_of_Wootton_Major, 35905, Feast_of_Good_Children
Smith_of_Wootton_Major, 35906, Great_Cake
Smith_of_Wootton_Major, 35927, Great_Hall_of_Wootton_Major
Smith_of_Wootton_Major, 35916, Harper
Smith_of_Wootton_Major, 35930, Harry
Smith_of_Wootton_Major, 35922, King's_Tree
Smith_of_Wootton_Major, 35931, Lily
Smith_of_Wootton_Major, 20531, Master_Cook
Smith_of_Wootton_Major, 20729, Master_Cook_Rider
Smith_of_Wootton_Major, 35932, Molly
Smith_of_Wootton_Major, 35918, Nan_Smithson
Smith_of_Wootton_Major, 35917, Ned_Smithson
Smith_of_Wootton_Major, 35911, Nell_Smithson
Smith_of_Wootton_Major, 35912, Nokes
Smith_of_Wootton_Major, 35915, Prentice
Smith_of_Wootton_Major, 35908, Sea_of_Windless_Storm
Smith_of_Wootton_Major, 35910, Smith_Smithson
Smith_of_Wootton_Major, 35926, Starbrow
Smith_of_Wootton_Major, 35919, Tim_of_Townsend
Smith_of_Wootton_Major, 35920, Tom_(son_of_Nan)
Smith_of_Wootton_Major, 35921, Tomling
Smith_of_Wootton_Major, 35923, Vale_of_Evermorn
Smith_of_Wootton_Major, 35925, Westwood
Smith_of_Wootton_Major, 16407, Wootton_Major
Smith_of_Wootton_Major, 35904, Wootton_Minor
Roverandom, 5743, Roverandom
Roverandom, 47531, Artaxerxes
Roverandom, 1443, Bay_of_Eldamar
Roverandom, 2185, Enchanted_Isles
Roverandom, 3861, Man_in_the_Moon
Roverandom, 47529, Mew
Roverandom, 3977, Moon
Roverandom, 4254, Pelóri
Roverandom, 47523, Psamathos_Psamathides
Roverandom, 47542, Rover
Roverandom, 4455, Shadowy_Seas
Roverandom, 4728, Tirion
Roverandom, 17915, Michael_Tolkien
Roverandom, 10801, Uin
Letters_from_Father_Christmas, 6477, Letters_from_Father_Christmas
Letters_from_Father_Christmas, 36712, Arktik
Letters_from_Father_Christmas, 21942, Father_Christmas
Letters_from_Father_Christmas, 36714, Goblin_Alphabet
Letters_from_Father_Christmas, 53504, Grandfather_Yule
Letters_from_Father_Christmas, 53503, Green_Brother
Letters_from_Father_Christmas, 36713, Ilbereth
Letters_from_Father_Christmas, 45197, North_Polar_Bear
Letters_from_Father_Christmas, 45206, Paksu
Letters_from_Father_Christmas, 54872, Red_Elves
Letters_from_Father_Christmas, 53502, Snow-elves
Letters_from_Father_Christmas, 45207, Valkotukka
The_Legend_of_Sigurd_and_Gudr%C3%BAn, 21533, The_Legend_of_Sigurd_and_Gudrún
The_Legend_of_Sigurd_and_Gudr%C3%BAn, 25779, Ótr
Leaf_by_Niggle, 3701, Leaf_by_Niggle
Leaf_by_Niggle, 49321, Niggle
Leaf_by_Niggle, 19771, Mr._Parish
Farmer_Giles_of_Ham, 3762, Farmer_Giles_of_Ham
Farmer_Giles_of_Ham, 36091, Agatha
Farmer_Giles_of_Ham, 36089, Augustus_Bonifacius
Farmer_Giles_of_Ham, 36093, Battle_of_the_Bridge
Farmer_Giles_of_Ham, 36095, Bellomarius
Farmer_Giles_of_Ham, 36096, Blunderbuss
Farmer_Giles_of_Ham, 36094, Caudimordax
Farmer_Giles_of_Ham, 14552, Chrysophylax
Farmer_Giles_of_Ham, 36092, Fabricius_Cunctator
Farmer_Giles_of_Ham, 32536, Farmer_Giles
Farmer_Giles_of_Ham, 36103, Farthingho
Farmer_Giles_of_Ham, 36097, Four_Wise_Clerks_of_Oxenford
Farmer_Giles_of_Ham, 36099, Galathea
Farmer_Giles_of_Ham, 13774, Garm
Farmer_Giles_of_Ham, 36101, Georgius
Farmer_Giles_of_Ham, 36090, Ham
Farmer_Giles_of_Ham, 30947, Little_Kingdom
Farmer_Giles_of_Ham, 36088, Middle_Kingdom
Farmer_Giles_of_Ham, 36100, Quercetum
Farmer_Giles_of_Ham, 36102, Suovetaurilius
Farmer_Giles_of_Ham, 19614, The_Giant
Farmer_Giles_of_Ham, 36098, Wild_Hills
Farmer_Giles_of_Ham, 36104, Wormwardens
Images_of_The_Notion_Club_Papers, @50982,  @Images_of_Alexander_Cameron
Images_of_The_Notion_Club_Papers, @50981,  @Images_of_Rufus_Dolbear
Images_of_The_Notion_Club_Papers, @50980,  @Images_of_Nicholas_Guildford
Images_of_The_Notion_Club_Papers, @50983,  @Images_of_Wilfrid_Trewin_Jeremy
Images_of_The_Notion_Club_Papers, @50984,  @Images_of_Alwin_Arundel_Lowdham
Images_of_The_Notion_Club_Papers, @50978,  @Images_of_the_Notion_Club
Images_of_The_Notion_Club_Papers, @50979,  @Images_of_Michael_George_Ramer
Images_of_Michael_George_Ramer, 50990, File:Afalstein_-_Notion_Club_Papers_-_Ramer.png
Images_of_Michael_George_Ramer, 50973, File:Afalstein_-_Notion_Club_Papers_-_The_Club.jpg
Images_of_Michael_George_Ramer, 50976, File:Afalstein_-_The_Notion_Club_Papers_Camera.jpg
Images_of_Michael_George_Ramer, 50977, File:Afalstein_-_The_Notion_Club_Papers.jpg
Images_of_the_Notion_Club, 50973, File:Afalstein_-_Notion_Club_Papers_-_The_Club.jpg
Images_of_the_Notion_Club, 50976, File:Afalstein_-_The_Notion_Club_Papers_Camera.jpg
Images_of_the_Notion_Club, 50977, File:Afalstein_-_The_Notion_Club_Papers.jpg
Images_of_Alwin_Arundel_Lowdham, 50991, File:Afalstein_-_Notion_Club_Papers_-_Lowdham.png
Images_of_Alwin_Arundel_Lowdham, 50973, File:Afalstein_-_Notion_Club_Papers_-_The_Club.jpg
Images_of_Alwin_Arundel_Lowdham, 50976, File:Afalstein_-_The_Notion_Club_Papers_Camera.jpg
Images_of_Alwin_Arundel_Lowdham, 50977, File:Afalstein_-_The_Notion_Club_Papers.jpg
Images_of_Wilfrid_Trewin_Jeremy, 50989, File:Afalstein_-_Notion_Club_Papers_-_Jeremy.png
Images_of_Wilfrid_Trewin_Jeremy, 50973, File:Afalstein_-_Notion_Club_Papers_-_The_Club.jpg
Images_of_Nicholas_Guildford, 50988, File:Afalstein_-_Notion_Club_Papers_-_Guildford.png
Images_of_Nicholas_Guildford, 50973, File:Afalstein_-_Notion_Club_Papers_-_The_Club.jpg
Images_of_Nicholas_Guildford, 50976, File:Afalstein_-_The_Notion_Club_Papers_Camera.jpg
Images_of_Nicholas_Guildford, 50977, File:Afalstein_-_The_Notion_Club_Papers.jpg
Images_of_Rufus_Dolbear, 50987, File:Afalstein_-_Notion_Club_Papers_-_Dolbear.png
Images_of_Rufus_Dolbear, 50973, File:Afalstein_-_Notion_Club_Papers_-_The_Club.jpg
Images_of_Alexander_Cameron, 50985, File:Afalstein_-_Notion_Club_Papers_-_Cameron.png
Images_of_Alexander_Cameron, 50973, File:Afalstein_-_Notion_Club_Papers_-_The_Club.jpg
